Indicator_ID_legacy,MET_ID,MET_ID_legacy,Level,Risk concept,System,Factor,Sub-Factor,Indicator,Evidence type,Preference,Type,Metric,Usual data sources,MSNA module,MSNA indicator,Question KOBO Code,Remarks/Limitations,Acute needs threshold (4),Very acute needs threshold (5),Above or below,References for threshold,Evidence threshold,Factor threshold,
IND062,MET065,MET062,Contr. fact. individual and HH,Exposure,Food system,HH food security,Utilisation,Use of clean water for meal preparation,AN signal,1,num[0:1],% HH using clean water to prepare food,,,,,,0.4,0.2,Below,"Based on WHO/UNICEF guidance on safe food preparation and WASH–nutrition linkages. Threshold reflects widespread use of unsafe water for food preparation.
https://www.who.int/publications/i/item/9789241594639",1,3,
IND063,MET066,MET063,Contr. fact. individual and HH,Exposure,Food system,HH food security,Utilisation,Use of fuel to cook food,Supporting evidence,1,num[0:1],% HH not using fuel source to prepare food,,,,,,0.4,0.2,Below,,1,3,
IND064,MET067,MET064,Contr. fact. individual and HH,Exposure,Food system,HH food security,Utilisation,Ability to safely store food,Supporting evidence,1,num[0:1],% HH with safe storage equipment,MSNA,Household Food Utilization,% of households by reported food storage method,fsl_food_storing,,0.4,0.2,Below,,1,3,
IND077,MET080,MET077,Contr. fact. individual and HH,Exposure,Food system,HH food security,Utilisation,Qualitative reports of food sharing practices,Supporting evidence,3,int[0:1],"Qualitative reports of HHs sharing food with other houseohlds or individuals, especially received assistance",,,,,,1,,Above,,3,2,
IND078,MET081,MET078,Contr. fact. individual and HH,Exposure,Food system,HH food security,Utilisation,Use of surface water in food preparation,Supporting evidence,3,int[0:1],Qualitative reports of surface water use for food preparation,,,,,,1,,Above,,3,2,
IND099,MET116,MET103,Contr. fact. individual and HH,Exposure,Water system,HH Water security,Utilisation,Water storage,Supporting evidence,1,num[0:1],% of households with at least two water containers (one for storage and one for collection),MSNA,,,,,0.5,,Below,"No global threshold, often referenced in WASH programming guidance. ",1,1,
IND101,MET118,MET105,Contr. fact. individual and HH,Exposure,Water system,HH Water security,Utilisation,"Cost of water containers, treatment materials, or other items related to water utilization in the market",Supporting evidence,2,num,% change in price of water containers,,,,,,50,100,Above,,1,1,
IND102,MET119,MET106,Contr. fact. individual and HH,Exposure,Water system,HH Water security,Utilisation,"Cost of water containers, treatment materials, or other items related to water utilization in the market",Supporting evidence,2,num,% change in water treatment materials,,,,,,50,100,Above,,1,1,
IND103,MET120,MET107,Contr. fact. individual and HH,Exposure,Water system,HH Water security,Utilisation,"Cost of water containers, treatment materials, or other items related to water utilization in the market",Supporting evidence,2,int[0:1],Water containers not available in market,,,,,,1,,Above,,1,1,
IND104,MET121,MET108,Contr. fact. individual and HH,Exposure,Water system,HH Water security,Utilisation,"Cost of water containers, treatment materials, or other items related to water utilization in the market",Supporting evidence,2,int[0:1],Water treatment materials not available in market,,,,,,1,,Above,,1,1,
IND112,MET122,MET109,Contr. fact. individual and HH,Exposure,Water system,HH Water security,Utilisation,Qual reports of struggles with water treatment,Supporting evidence,3,int[0:1],"Indications that MOST of the popluation may be facing serious challenges with water utilization due to lack of options to treat water (drinking unsafe water directly, lack of fuel to boil water, etc.) and that it is putting them at heightened risk for water borne disease transmission",,,,,,1,,Above,,3,2,
IND111,MET123,MET110,Contr. fact. individual and HH,Exposure,Water system,HH Water security,Utilisation,Qual reports of struggles with water storage,Supporting evidence,3,int[0:1],"Indications that MOST of the popluation may be facing serious challenges with water utilization due to lack of water storage capacity (water consumption and use limited by number of containers, utilizing unclean/contaminated or broken water containers, lack of water containers in the market, etc.) and that it is putting them at heightened risk for water borne disease transmission",,,,,,1,,Above,,3,2,
IND033,MET034,MET033,Contr. fact. individual and HH,Exposure,Food system,Food consumption,Quantity and diversity (proxy),IPC AFI classification,AN signal,1,int[1:5],IPC AFI phase,,,,,"FEWSNET phases, or Cadre Harmonisé phases can also be used as equivalent",4,5,Above,"IPC AFI Classification (Phase 4 = Emergency, Phase 5 = Castarophe/Famine) ",1,1,
IND034,MET035,MET034,Contr. fact. individual and HH,Exposure,Food system,Food consumption,Quantity and diversity (proxy),CARI,AN signal,1,num[0:1],% of people in CARI P4,,,,,,0.2,0.3,Above,"Based on WFP CARI classification; threshold adapted to reflect a substantial share of the population in severe food insecurity (Phase 4), aligned with 20% rule from the IPC Guidelines. ",2,2,
IND035,MET036,MET035,Contr. fact. individual and HH,Exposure,Food system,Food consumption,Quantity and diversity (proxy),Household hunger scale,AN signal,1,num[0:1],% of HHs reporting severe or very severe hunger,MSNA,Household Food Consumption (HHS),Household Hunger Scale,"Series of indicators starting with""fsl_hhs_""",Can use PHU4IMPACT functions to compute the composite scores,0.2,0.3,Above,"ANA analytical threshold for area-level flagging, based on IPC AFI Reference table: HHS 4 corresponds with IPC AFI Phase 4 (Emergency), HHS 5-6 corresponds with IPC AFI Phase 5 (Catastrophe/Famine)",2,2,
IND036,MET037,MET036,Contr. fact. individual and HH,Exposure,Food system,Food consumption,Quantity and diversity (proxy),Household hunger scale,AN signal,1,num[0:1],% of HHs reporting very severe hunger,MSNA,Household Food Consumption (HHS),Household Hunger Scale,"Series of indicators starting with""fsl_hhs_""",Can use PHU4IMPACT functions to compute the composite scores,0.2,0.3,Above,"ANA analytical threshold for area-level flagging, based on IPC AFI Reference table: HHS 4 corresponds with IPC AFI Phase 4 (Emergency), HHS 5-6 corresponds with IPC AFI Phase 5 (Catastrophe/Famine)",2,2,
IND037,MET038,MET037,Contr. fact. individual and HH,Exposure,Food system,Food consumption,Quantity and diversity (proxy),rCSI,AN signal,1,num[0:1],% of HHs reporting high consumption-based coping,MSNA,Household Food Consumption (rCSI),Reduced Coping Strategies Index,"Series of indicators starting with""fsl_rcsi_""",Can use PHU4IMPACT functions to compute the composite scores,0.4,0.6,Above,"ANA analytical threshold for area-level flagging. WFP typical benchmark / IPC reference table lists an rCSI over 19 as crisis/emergency conditions. Value here is reflecting high proportion of population engaging in high coping. ",2,2,
IND038,MET039,MET038,Contr. fact. individual and HH,Exposure,Food system,Food consumption,Quantity and diversity (proxy),FCS,AN signal,1,num[0:1],% of HHs scoring poor FCS score,MSNA,Household Food Consumption (FCS),Food Consumption Score,"Series of indicators starting with""fsl_fcs_""",Can use PHU4IMPACT functions to compute the composite scores,0.2,0.4,Above,"ANA analytical threshold for area-level flagging. WFP Standard threshold for poor FCS is ≤21. Value of 20% aligned with ""20% rule"" from the IPC guidelines. ",2,2,
IND039,MET040,MET039,Contr. fact. individual and HH,Exposure,Food system,Food consumption,Quantity and diversity (proxy),Experience of hunger by community (AoK),AN signal,2,num[0:1],% of localities experiencing severe or extreme hunger,,,,,,0.2,0.3,Above,No global threshold exists. ANA analytical hreshold based on alignment with IPC severity logic.,2,2,
,MET042,MET065,Contr. fact. individual and HH,Exposure,Food system,Food consumption,Quantity and diversity (proxy),Qualitative reports of extreme hunger,Supporting evidence,3,int[0:1],"Qualitative reports of people (reasonable share per unit of analysis) not eating for a few days (2-4 days) visible due to overall catastrophic conditions within the unit of analysis. Other context- specific indications can include: people tying a rope or piece of cloth around their waist to stop hunger pangs, extreme reliance on wild foods, or extreme reliance on social networks (incl. begging)",,,,,,1,,Above,No global threshold exists. ANA analytical hreshold based on alignment with IPC severity logic.,3,2,
,MET043,MET066,Contr. fact. individual and HH,Exposure,Food system,Food consumption,Quantity and diversity (proxy),Qualitative reports of mainly children eating,Supporting evidence,3,int[0:1],Qualitative reports indicating that adults within a household are skipping meals or reducing their food consumption to favor children's or pregnant and lactating women's food consumption,,,,,,1,,Above,No global threshold exists. ANA analytical hreshold based on alignment with IPC severity logic.,3,2,
IND042,MET045,MET042,Contr. fact. individual and HH,Exposure,Food system,Food consumption,Quantity and diversity (proxy),Household Dietary Diversity Score (HDDS),"AN signal ",2,num[0:1],% of HHS reporting a low dietary diversity score,MSNA,Household Food Consumption (HDDS),Household Food Consumption (HDDS),"Series of indicators starting with""fsl_hhds_""",,0.4,0.6,Above,"HDDS of 0-2 food groups aligns with IPC AFI Phase 4 or 5. No universally agreed global threshold for % of HHs, this ANA analytical threshold is based on alignment with IPC severity logic, 40% indicating a widespread issue. ",2,2,
IND079,MET092,MET079,Contr. fact. individual and HH,Exposure,Water system,HH Water consumption,Quantity,Quantity of total water per capita,AN signal,1,num[0+],Median litres total water per person per day,,,,,"Low total water = signal of system stress/collapse ",7.5,3.75,Below,"Shpere minimum standard is 15L/person/day for all uses. ANA threshold reflects severe shorfall (<50% of minimum standard), consistent with emergency conditions ",1,1,
IND081,MET094,MET081,Contr. fact. individual and HH,Exposure,Water system,HH Water consumption,Quantity,Quantity of drinking and cooking water per capita,AN signal,1,int[0+],Median litres drinking/cooking water per person per day,,,,,"Low drinking water indicates potential survival risk
Low domestic water indicates hygiene breakdown, potential disease risk",3,1.5,Below,Sphere minimum standard is 6L/person/day for drinking + cooking. ANA threshold reflects severe shortfall consistent with emergency conditions.,1,1,
IND083,MET096,MET083,Contr. fact. individual and HH,Exposure,Water system,HH Water consumption,Quantity,Quantity of domestic water per capita,Supporting evidence,1,int[0+],Median litres domestic water per person per day,,,,,"Low domestic water indicates hygiene breakdown, potential disease risk",5,,Below,"Based on Sphere: Total water (15L) - drinking/cooking (6L) leaves 9L/person/day as the domsetic threshold. ",1,1,
IND086,MET099,MET086,Contr. fact. individual and HH,Exposure,Water system,HH Water consumption,Quality,Household water quality (E.coli contamination),,1,num[0:1],"% of HHs with >100 CFU/100ml at point of use (storage container, etc.)",,,,,"Direct exposure risk ",0.4,,Below,"WHO Drinking water quality guidelines. Risk categories: 0 CFU = safe, 1-10 CFU = low risk, 10-100 is intermediate risk, >100 is high risk of contamination. ANA analytical threshold of 40% suggests significant exposure. 
https://www.who.int/teams/environment-climate-change-and-health/water-sanitation-and-health/water-safety-and-quality/drinking-water-quality-guidelines",1,1,
IND087,MET100,MET087,Contr. fact. individual and HH,Exposure,Water system,HH Water consumption,Quality,Use of unimproved drinking water sources,AN signal,2,num[0:1],% of HHs relying on unimproved water sources for drinking/cooking water,MSNA,Drinking water,% of households having had access to an improved drinking water source % of households by type of primary source of drinking water (W1),wash_drinking_water_source,,0.5,0.8,Above,"Based on JMP service ladder (WHO/UNICEF). ANA analytical threshold indicates widespread use (>80% of HHs, systemic issue). 
https://washdata.org/topics/drinking-water",1,1,
IND088,MET101,MET088,Contr. fact. individual and HH,Exposure,Water system,HH Water consumption,Quality,Use of unimproved drinking water sources,AN signal,2,num[0:1],% of HHs relying on surface water as primary water source for drinking and cooking,MSNA,Drinking water,% of households having had access to an improved drinking water source % of households by type of primary source of drinking water (W1),wash_drinking_water_source,"Reliance on surface water indicates high vulnerability, increased disease risk ",0.2,0.3,Above,"Based on JMP service ladder (WHO/UNICEF). ANA analytical threshold indicates widespread use (>20% of HHs, significant share of HHs). 
https://washdata.org/topics/drinking-water",1,1,
IND106,MET125,MET112,Contr. fact. individual and HH,Exposure,Water system,HH Water security,Quality,Qual reports of poor water quality,Supporting evidence,3,int[0:1],"Indications that MOST of the population may be reliant on drinking water sources that are exposed to some contamination (e.g. sources of contamination near or at water point including human or animal feces, dead animals, trash or other solid waste, flood waters or other standing/stangant water, etc.)",,,,,,1,,Above,,3,2,
IND149,MET137,MET123,Community or system level contributing factors,Coping,Water system,Water systems (infrastructure),Quality,Water quality at water points,AN signal,2,num[0:1],% of assesssed settlements reported surface water as the most common source of water for drinking and cooking for people in the community,,,,,,0.2,0.4,Above,,1,1,
IND156,MET160,MET156,Community or system level contributing factors,Exposure,Living conditions,Sanitation & Hygiene,Quality,Hygienic conditions and quality of sanitation faclities,,1,num[0:1],% of HH with access to unimproved sanitation facilities,MSNA,Sanitation facility,"% of households with access to improved sanitation facilities s% of households using a sanitation facility, by type of sanitation facility used (S1)",wash_sanitation_facility,Check contextualized options for unimproved facilities,0.5,0.8,Above,,1,1,
IND157,MET161,MET143,Community or system level contributing factors,Coping,Living conditions,Sanitation & Hygiene,Quality,Hygienic conditions and quality of sanitation faclities,Supporting evidence,1,num[0:1],% of HHs reporting hygiene related issues with latrines,MSNA,Sanitation facility - access,"% of households having had problems related to sanitation facility access, by type of problem",wash_sanitation_use_toilet_reason,,0.5,,Above,,1,1,
IND158,MET162,MET144,Community or system level contributing factors,Coping,Living conditions,Sanitation & Hygiene,Quality,Hygienic conditions and quality of sanitation faclities,Supporting evidence,1,num[0:1],% of HHs reporting protection or safety related issues with latrine,MSNA,Sanitation facility - access,"% of households having had problems related to sanitation facility access, by type of problem",wash_sanitation_use_toilet_reason,,0.5,,Above,,1,1,
IND159,MET163,MET145,Community or system level contributing factors,Coping,Living conditions,Sanitation & Hygiene,Quality,Technical requirements,Supporting evidence,2,num[0:1],% of latrines that meet minimum technical requirements,,,,,,0.4,0.2,Below,,1,1,
IND160,MET165,MET146,Community or system level contributing factors,Coping,Living conditions,Sanitation & Hygiene,Quality,Hygienic and cleaned,Supporting evidence,2,num[0:1],% of latrines that are hygienic and cleaned on a regular basis,,,,,,0.4,0.2,Below,,1,1,
IND161,MET166,MET147,Community or system level contributing factors,Coping,Living conditions,Sanitation & Hygiene,Quality,Protection requirements,Supporting evidence,2,num[0:1],"% of latrines meeting minimum protection requirements (locks, sex seperated, etc.)",,,,,,0.4,0.2,Below,,1,1,
IND180,MET187,MET166,Community or system level contributing factors,Coping,Health/Nutrition services,Nutrition services,Quality,"Quality of SAM Nutrition Services- CMAM performance: (Cure rates, Defaulter rates, Death rates)",AN signal,1,num[0:1],CMAM performance - cure rates-SAM %,,,,,,0.75,0.375,Below,"Based on SQUEAC/SLEAC (Action Against Hunger / Valid International) coverage standards, and Nutrition Working group: Technical Issue Paper #1 CMAM - specific programme indicators: >75% Cure rate. ANA thresholds reflect insufficient coverage to meet population needs. https://ec.europa.eu/echo/files/policies/sectoral/TIP%20CMAM.pdf",1,1,
IND181,MET188,MET167,Community or system level contributing factors,Coping,Health/Nutrition services,Nutrition services,Quality,"Quality of SAM Nutrition Services- CMAM performance: (Cure rates, Defaulter rates, Death rates)",AN signal,1,num[0:1],CMAM performance - death rates-SAM %,,,,,,0.1,0.15,Above,"Based on SQUEAC/SLEAC (Action Against Hunger / Valid International) coverage standards, and Nutrition Working group: Technical Issue Paper #1 CMAM - specific programme indicator: >10% death rate. ANA thresholds reflect insufficient coverage to meet population needs.  https://ec.europa.eu/echo/files/policies/sectoral/TIP%20CMAM.pdf",1,1,
IND182,MET189,MET168,Community or system level contributing factors,Coping,Health/Nutrition services,Nutrition services,Quality,"Quality of SAM Nutrition Services- CMAM performance: (Cure rates, Defaulter rates, Death rates)",AN signal,1,num[0:1],CMAM performance - defaulter rates- SAM %,,,,,,0.15,0.225,Above,"ased on SQUEAC/SLEAC (Action Against Hunger / Valid International) coverage standards, and Nutrition Working group: Technical Issue Paper #1 CMAM - specific programme indicators: >15% defaulters. ANA thresholds reflect insufficient coverage to meet population needs. https://ec.europa.eu/echo/files/policies/sectoral/TIP%20CMAM.pdf",1,1,
IND183,MET190,MET169,Community or system level contributing factors,Coping,Health/Nutrition services,Nutrition services,Quality,"Quality of MAM Nutrition Services- CMAM performance: (Cure rates, Defaulter rates, Death rates)",AN signal,2,num[0:1],CMAM performance - cure rates-MAM%,,,,,,0.75,0.375,Below,"Less standardised for MAM compared to SAM, threshold reflects similar expectations (see above)",1,1,
IND184,MET191,MET170,Community or system level contributing factors,Coping,Health/Nutrition services,Nutrition services,Quality,"Quality of MAM Nutrition Services- CMAM performance: (Cure rates, Defaulter rates, Death rates)",AN signal,2,num[0:1],CMAM performance - death rates-MAM %,,,,,,0.03,0.045,Above,"Less standardised for MAM compared to SAM, threshold reflects lower likelihood of death  among MAM cases compared to SAM cases (see above)",1,1,
IND185,MET192,MET171,Community or system level contributing factors,Coping,Health/Nutrition services,Nutrition services,Quality,"Quality of MAM Nutrition Services- CMAM performance: (Cure rates, Defaulter rates, Death rates)",AN signal,2,num[0:1],CMAM performance - defaulter rates- MAM %,,,,,,0.15,0.225,Above,"Less standardised for MAM compared to SAM, threshold reflects similar expectations (see above)",1,1,
IND186,MET193,MET172,Community or system level contributing factors,Coping,Health/Nutrition services,Nutrition services,Quality,"Accessibility & Availability (Coverage of SC, OTP or TSFP nutrition services.)",AN signal,1,num[0:1],Coverage of SC/ OTP/ SFP in IDP camps,,,,,,0.3,0.45,Above,"Sphere minimum standards for perforamnce indicators of coverage: in camp settings suggests >90% coverage as acceptable access. ANA threshold reflects severe access gap. 
https://www.indikit.net/document/17-standardised-indicators-and-categories-for-better-cmam-reporting#:~:text=This%20paper%20outlines%20standardised%20reporting,systems%20to%20fit%20best%20practice.",1,1,
IND187,MET194,MET173,Community or system level contributing factors,Coping,Health/Nutrition services,Nutrition services,Quality,"Accessibility & Availability (Coverage of SC, OTP or TSFP nutrition services.)",AN signal,1,num[0:1],Coverage of SC/ OTP/ SFP in urban populations,,,,,,0.3,0.45,Above,"Sphere minimum standards for perforamnce indicators of coverage: in camp settings suggests >70% coverage as acceptable access in urban settings. ANA threshold reflects severe access gap. https://www.indikit.net/document/17-standardised-indicators-and-categories-for-better-cmam-reporting#:~:text=This%20paper%20outlines%20standardised%20reporting,systems%20to%20fit%20best%20practice.",1,1,
IND188,MET195,MET174,Community or system level contributing factors,Coping,Health/Nutrition services,Nutrition services,Quality,"Accessibility & Availability (Coverage of SC, OTP or TSFP nutrition services.)",AN signal,1,num[0:1],Coverage of SC/ OTP/ SFP in rural populations,,,,,,0.2,0.3,Above,"Sphere minimum standards for perforamnce indicators of coverage: in camp settings suggests >50% coverage as acceptable access in rural settings. ANA threshold reflects severe access gap. https://www.indikit.net/document/17-standardised-indicators-and-categories-for-better-cmam-reporting#:~:text=This%20paper%20outlines%20standardised%20reporting,systems%20to%20fit%20best%20practice.",1,1,
IND189,MET196,S,Community or system level contributing factors,Coping,Health/Nutrition services,Health services,Quality,Case fatality rates (disease specific),AN signal,1,num[0:1],% Measles case fatality rates,,,,,,0.05,0.075,Above,"Current estimates used by WHO for CFRs in endemic countries range between 0.05-6%. ANA threshold is set at 5% as a signal of concern. 
https://pubmed.ncbi.nlm.nih.gov/19188207/",1,1,
IND190,MET197,MET176,Community or system level contributing factors,Coping,Health/Nutrition services,Health services,Quality,Case fatality rates (disease specific),AN signal,1,num[0:1],% Cholera case fatality rates,,,,,,0.01,0.015,Above,"WHO handles an emergency threshold of >1% CFR for Cholera in treatment centres. According to the Global Taskforce on Cholera Control, a CFR >1% is usually due to one or a combination of different factors, such as poor access to health facilities, lack of healthcare-seeking behaviour, and/or inadequate case management. https://www.gtfcc.org/wp-content/uploads/2020/05/gtfcc-cholera-outbreak-response-field-manual-2024.pdf ",1,1,
IND191,MET198,MET177,Community or system level contributing factors,Coping,Health/Nutrition services,Health services,Quality,Case fatality rates (disease specific),AN signal,1,num[0:1],% Ebola case fatality rates,,,,,,0.7,1.05,Above,"Ebola has a high baseline CFR, estimations of the Ebola CFR from the years 1976-2022 approach around 60% globally. ANA threshold set at the higher end of baseline estimates. 
https://www.sciencedirect.com/science/article/pii/S1876034123003581",1,1,
IND192,MET199,MET178,Community or system level contributing factors,Coping,Health/Nutrition services,Health services,Quality,Minimum package of services,AN signal,1,num[0:1],% of health facilities providing minimum package of primary health services as defined by in country policies,,,,,,0.6,0.3,Below,"Based on WHO essential health service frameworks. Threshold reflects reduced availability of core health services.
https://www.who.int/data/gho/indicator-metadata-registry/imr-details/7793#:~:text=IV.&text=Associated%20terms:,and%20the%20most%20disadvantaged%20population.&text=Method%20of%20estimation:,to%20100%20(optimal%20value).&text=Step%203:%20Calculate%20the%20geometric,values%20calculated%20in%20Step%202.",1,1,
IND193,MET200,MET179,Community or system level contributing factors,Coping,Health/Nutrition services,Health services,Quality,Minimum package of services,AN signal,1,num[0:1],"% of health facilties providing basic reproductive health care services (e.g.safe delivery services , emergency obstretic and newborn care, etc.)",,,,,,0.5,0.2,Below,"Based on WHO essential health service frameworks. Threshold reflects reduced availability of core health services.
https://www.who.int/data/gho/indicator-metadata-registry/imr-details/7793#:~:text=IV.&text=Associated%20terms:,and%20the%20most%20disadvantaged%20population.&text=Method%20of%20estimation:,to%20100%20(optimal%20value).&text=Step%203:%20Calculate%20the%20geometric,values%20calculated%20in%20Step%202.",1,1,
IND194,MET201,MET180,Community or system level contributing factors,Coping,Health/Nutrition services,Health services,Quality,Minimum package of services,AN signal,2,num[0:1],% of health facilities providing basic outpatient services,,,,,,0.6,0.3,Below,"Based on WHO essential health service frameworks. Threshold reflects reduced availability of core health services.
https://www.who.int/data/gho/indicator-metadata-registry/imr-details/7793#:~:text=IV.&text=Associated%20terms:,and%20the%20most%20disadvantaged%20population.&text=Method%20of%20estimation:,to%20100%20(optimal%20value).&text=Step%203:%20Calculate%20the%20geometric,values%20calculated%20in%20Step%202.",1,1,
IND195,MET202,MET181,Community or system level contributing factors,Coping,Health/Nutrition services,Health services,Quality,Minimum package of services,AN signal,2,num[0:1],% of health facilities providing basic maternal and newborn health services,,,,,,0.5,0.2,Below,"Based on WHO essential health service frameworks. Threshold reflects reduced availability of core health services.
https://www.who.int/data/gho/indicator-metadata-registry/imr-details/7793#:~:text=IV.&text=Associated%20terms:,and%20the%20most%20disadvantaged%20population.&text=Method%20of%20estimation:,to%20100%20(optimal%20value).&text=Step%203:%20Calculate%20the%20geometric,values%20calculated%20in%20Step%202.",1,1,
IND116,MET142,MET128,Contr. fact. individual and HH,Exposure,Living conditions,Living conditions,Protection from vectors,Mosquito exposure,Supporting evidence,1,num[0:1],% of people sleeping under an insecticide treated bed net the previous night,,,,,,0.3,,Below,,2,1,
IND117,MET143,MET129,Contr. fact. individual and HH,Exposure,Living conditions,Living conditions,Protection from vectors,Cost of mosquito nets,Supporting evidence,2,num,% change in cost of mosquito nets,,,,,,0.5,1,Above,,2,1,
IND118,MET144,MET130,Contr. fact. individual and HH,Exposure,Living conditions,Living conditions,Protection from vectors,Cost of mosquito nets,Supporting evidence,2,num,No mosquito nets available in market,,,,,,1,,Above,,2,1,
IND123,MET145,MET131,Contr. fact. individual and HH,Exposure,Living conditions,Living conditions,Protection from vectors,Qualitative reports of exposure to disease vectors,Supporting evidence,3,int[0:1],"Indications that some of the population may have increased exposure to disease vectors due to inadequate shelter or the environment. This may include: (a) standing water as mosquito breeding grounds (b) poor ventilation of shelters(c) contamined or waste water near shelter(d) rats, pests, or other disease carriers",,,,,,1,,Above,,2,1,
IND124,MET146,MET132,Contr. fact. individual and HH,Exposure,Living conditions,Living conditions,Protection from vectors,Qualitative reports of overcrowding,Supporting evidence,3,int[0:1],"Indications that MOST of the population may be overcrowded and may be facing increased risks for respiratory disease, protection concerns, or mental health distress. Some indications may include:(a) multiple households sharing shelter (b) people cramped into small shared sleeping spaces(c) not all household members can lie down or fit in the sleeping space(d) reports of widespread coughing or respiratory issues (e) reports of tensions or fighting between neighbours due to proximity and lack of privacy (f) long lines or waits for communal facilities such as latrines, water, etc.",,,,,,1,,Above,,2,1,
IND024,MET028,MET028,Health outcomes,Vulnerability,Health outcomes,Health status,Population health needs,Overall infectious disease incidence (all cause and all age),Predictor,1,num[0+],# of consulations/treatments for infectious diseases per 1000 people per epiweek,,,,,,150,200,Above,,1,1,
IND025,MET029,MET029,Health outcomes,Vulnerability,Health outcomes,Health status,Population health needs,Any unmet health needs in past three months,Predictor,2,num[0:1],% of individuals with unmet health needs in the past 3 months,MSNA,Forgone care - Core,% of individuals with a healthcare need,health_ind_healthcare_needed,,0.3,0.4,Above,,1,1,
IND119,MET147,MET133,Contr. fact. individual and HH,Exposure,Living conditions,Living conditions,Overcrowding,Adequate living space,AN signal,1,num[0+],Average covered living space per person,,,,,,3.5,2.5,Below,"Based on Sphere minimum standards: Minimum 3.5 m2 of living space per person, excluding cooking space, bathing area and sanitation facility. https://spherestandards.org/wp-content/uploads/Sphere-in-Practice.pdf  ",2,1,
IND120,MET148,MET134,Contr. fact. individual and HH,Exposure,Living conditions,Living conditions,Overcrowding,Adequate living space,AN signal,1,num[0:1],% of HHs with at least 3.5 m2 of covered living space per person,,,,,,0.7,0.5,Below,"Based on Sphere minimum standards: Minimum 3.5 m2 of living space per person, ANA threshold suggests significant population facing gap. ",2,1,
IND001,MET001,MET001,Mortality outcome,,Mortality,Mortality,Mortality,Crude mortality rate,Outcome,1,num[0+],"Deaths per 10,000 per day",MSNA,Mortality,"# of deaths per 10,000 people per day and / or # of under-5 year old deaths per 10,000 under-5 children per day",num_died,Need denominator,1,2,Above,"Well-established emergency threshold (WHO, Shpere, UNHCR Emergency Handbook) https://emergency.unhcr.org/emergency-assistance/health-and-nutrition/mortality-surveillance-threshold",1,1,
IND002,MET002,MET002,Mortality outcome,,Mortality,Mortality,Mortality,U5 mortality rate,Outcome,1,num[0+],"Deaths of under fives per 10,000 per day",MSNA,Mortality,"# of deaths per 10,000 people per day and / or # of under-5 year old deaths per 10,000 under-5 children per day",num_died,Need denominator,2,4,Above,"Well-established emergency threshold (WHO, Shpere, UNHCR Emergency Handbook) https://emergency.unhcr.org/emergency-assistance/health-and-nutrition/mortality-surveillance-threshold",1,1,
IND018,MET018,MET018,Health outcomes,Vulnerability,Health outcomes,Health status,Infectious disease outbreaks,Evidence of measles outbreaks,Predictor,1,num[0+],"# of confirmed or suspected cases of measles in children 6 months to 15 years of age (or context specific age groups), where at least one is confirmed",,,,,,10,15,Above,"WHO defines suspected measles outbreak as five or more epidemiologically linked cases, and confirmed outbreak as two or more lab-confirmed linked cases. This threshold is adapted for the ANA to flag concern.  https://www.who.int/emergencies/outbreak-toolkit/disease-outbreak-toolboxes/measles-outbreak-toolbox",1,1,
IND019,MET019,MET019,Health outcomes,Vulnerability,Health outcomes,Health status,Infectious disease outbreaks,Evidence of measles outbreaks,Predictor,1,num[0+],"# of cases of measles in children 6 months to 15 years of age per 1000 children, per epiweek",,,,,"At this level, measles transmission is likely widespread, with high exposure among susceptible children and increased risk of complications and excess mortality in contexts with malnutrition or weak health systems.",1,2,Above,"ANA analytical threshold in the absence of an overall global standard threshold. Based on the Sphere Handbook, WHO outbreak response guidelines, MSF field thresholds 
https://medicalguidelines.msf.org/sites/default/files/pdf/guideline-498-en.pdf",1,1,
IND020,MET020,MET020,Health outcomes,Vulnerability,Health outcomes,Health status,Infectious disease outbreaks,"Reports of measles outbreaks from disease surveillance systems, rapid assessments, or other secondary sources",Predictor,2,int[0:1],"Confirmed measles outbreak, not controlled (cases increasing weekly, see epidemic curve)",,,,,,1,1.5,Above,"ANA analytical threshold, binary threshold is analytical rather than global severity cut-off. See WHO disease-specific toolboxes https://www.who.int/emergencies/outbreak-toolkit/disease-outbreak-toolboxes",1,1,
IND021,MET021,MET021,Health outcomes,Vulnerability,Health outcomes,Health status,Infectious disease outbreaks,Evidence of cholera outbreaks,Predictor,1,int[0+],# of cases of cholera/suspect cholera in populations where at least one case is confirmed,,,,,,10,15,Above,WHO/GTFCC define a suspected cholera outbreak when two or more suspected cholera cases or one suspected case with positive RDT result are reported within one surveillance unit within 7 days. This threshold is adapted for the ANA to flag outbreak severity. https://www.gtfcc.org/wp-content/uploads/2020/05/gtfcc-cholera-outbreak-response-field-manual-2024.pdf,1,1,
IND022,MET022,MET022,Health outcomes,Vulnerability,Health outcomes,Health status,Infectious disease outbreaks,Evidence of cholera outbreaks,Predictor,1,num[0+],# of cases of cholera/suspect cholera per 1000 people per week (all ages),,,,,,0.5,1,Above,"ANA analytical threshold in the absence of an overall global standard threshold. Based on the Sphere Handbook, WHO outbreak response guidelines, MSF field thresholds",1,1,
IND023,MET023,MET023,Health outcomes,Vulnerability,Health outcomes,Health status,Infectious disease outbreaks,"Reports of cholera outbreaks from disease surveillance systems, rapid assessments, or other secondary sources",Predictor,2,int[0:1],"Confirmed outbreak, not controlled (cases increasing weekly, see epidemic curve)",,,,,,1,1.5,Above,,1,1,
IND026,MET024,MET024,Health outcomes,Vulnerability,Health outcomes,Health status,Infectious disease outbreaks,Reports of possible spikes in infectious diseases e.g. from expert health KII,Supporting evidence,3,int[0:1],"Reports of large increases in malaria, diarrhoeal disease, respiratory infectionsor other infectious disease not attributable to pre-crisis conditions or seasonality",,,,,,1,,Above,,1,1,
IND027,MET025,MET025,Health outcomes,Vulnerability,Health outcomes,Health status,Infectious disease outbreaks,Reports of suspected measles outbreak e.g. from expert health KII,Supporting evidence,3,int[0:1],Qualitative reports of children with cough + neck rashes + fevers as suspect measles cases,,,,,,1,,Above,,1,1,
IND028,MET026,MET026,Health outcomes,Vulnerability,Health outcomes,Health status,Infectious disease outbreaks,Reports of suspected cholera outbreak e.g. from expert health KII,Supporting evidence,3,int[0:1],Qualitative reports of adults with serious cases of acute watery diarrhoea,,,,,,1,,Above,,1,1,
IND029,MET027,MET027,Health outcomes,Vulnerability,Health outcomes,Health status,Infectious disease outbreaks,Reports of increasing health needs e.g. from expert health KII,Supporting evidence,3,int[0:1],"Qualitative reports of an increase in health needs in the community (e.g. overcrowded health facilities, community events or normal activities of the community disrupted due to illnesses, increased number of deaths in the community, etc.)",,,,,,1,,Above,,1,1,
IND135,MET217,MET195,Community or system level contributing factors,Coping,Market functionality,Market functionality,Functionality,Resilience,Supporting evidence,1,num[0:1],% of monitored items or categories for which # days of remaining stock â # days needed to restock < 1,,,,,,0.5,,Above,,1,1,
IND136,MET218,MET196,Community or system level contributing factors,Coping,Market functionality,Market functionality,Functionality,Resilience,Supporting evidence,1,num[0:1],% of interviewed vendors reporting difficulties keeping their business operational and well-stocked over the last X days/months,,,,,,0.25,0.5,Above,,1,1,
IND137,MET219,MET197,Community or system level contributing factors,Coping,Market functionality,Market functionality,Functionality,Resilience,Supporting evidence,2,num[0:1],% of interviewed vendors mostly relying on a single supplier to stock their businesses (by category),,,,,,0.5,0.75,Above,,1,1,
IND138,MET220,MET198,Community or system level contributing factors,Coping,Market functionality,Market functionality,Functionality,Market Functionality Score,Supporting evidence,1,num[0:1],Full reported MFS by assessed market,,,,,,,,Below,,1,1,
IND113,MET138,MET124,Contr. fact. individual and HH,Exposure,Living conditions,Living conditions,Exposure to elements,Adequate shelter,AN signal,1,num[0:1],% of HHs with inadequate shelter,MSNA,Shelter type,% of households by type of shelter they currently live in,snfi_shelter_type,Check contextualized options for inadequate shelter type,0.4,0.6,Above,"Based on Sphere shelter standards (shelter must provide protection from climate, safety, and privacy). Threshold reflects a substantial share of households lacking adequate protection from environmental conditions; definition of inadequacy is context-specific.",2,1,
IND114,MET139,MET125,Contr. fact. individual and HH,Exposure,Living conditions,Living conditions,Exposure to elements,Cost of tarpaulin or other key shelter materials,Supporting evidence,2,num,% change in tarpaulin or other shelter materials,,,,,,50,100,Above,,2,1,
IND115,MET140,MET126,Contr. fact. individual and HH,Exposure,Living conditions,Living conditions,Exposure to elements,Cost of tarpaulin or other key shelter materials,Supporting evidence,2,int[0:1],No tarpaulin (or other key shelter material) available in market,,,,,,1,,Above,,2,1,
IND122,MET141,MET127,Contr. fact. individual and HH,Exposure,Living conditions,Living conditions,Exposure to elements,Qualitative reports of inadequate shelter,Supporting evidence,3,int[0:1],Indications that MOST of the population may be living in inadequate shelter that either (a) is not durable or sturdy (b) does not provide adequate privacy (c) does not provide safety or protection from the weather/elements (d) does not provide safe place to sleep,,,,,,1,,Above,,2,1,
IND032,MET033,MET032,Contr. fact. individual and HH,Exposure,Food system,Food consumption,Diversity,Minimal dietary diversity for women (MDD-W),AN signal,1,num[0:1],MDD-W => 5 food groups at least,,,,,,0.25,0.1,Below,"Aligned with FAO-MDD-W guidelines (standard is ≥5 of 10 food groups)
https://www.fao.org/nutrition/assessment/tools/minimum-dietary-diversity-women/en/",1,1,
IND105,MET124,MET111,Contr. fact. individual and HH,Exposure,Water system,HH Water security,Consumption,Qual reports of populations struggling to meet water needs,Supporting evidence,3,int[0:1],"Indications that most of the population is struggling to access their minimum water needs. (e.g. reported long queues, fighting at water points, spikes in drinking water prices, use of livelihood coping strategies to buy water)",,,,,,1,,Above,,3,2,
IND012,MET012,MET012,Health outcomes,Vulnerability,Health outcomes,Health status,Common childhood illnesses,Incidence of common childhood illnesses and symptoms per epiweek,Predictor,1,num[0+],"# of cases (all-causes) of common childhood illness in children under-5 years of age per 1000, per epiweek",,,,,,200,300,Above,,1,1,
IND013,MET013,MET013,Health outcomes,Vulnerability,Health outcomes,Health status,Common childhood illnesses,Incidence of common childhood illnesses and symptoms per epiweek,Predictor,1,num[0+],"# of cases of acute respiratory illness in children under-5 years of age per 1000, per epiweek",,,,,,100,140,Above,,1,1,
IND014,MET014,MET014,Health outcomes,Vulnerability,Health outcomes,Health status,Common childhood illnesses,Incidence of common childhood illnesses and symptoms per epiweek,Predictor,1,num[0+],"# of cases of acute watery diarrhoea in children under-5 years of age per 1000, per epiweek",,,,,,50,100,Above,,1,1,
IND015,MET015,MET015,Health outcomes,Vulnerability,Health outcomes,Health status,Common childhood illnesses,Two-week prevalence of childhood illness,Predictor,2,num[0:1],% of children under-5 years with any illness in the two weeks prior to data collection,MSNA,Nutrition - core individual,% of children under-5 years of age sick in the last two weeks as reported by primary caregiver,nut_ind_under5_sick_yn,,0.4,0.5,Above,"ANA analytical threshold, to be interpreted against seasonality, baseline incidence, surveillance quality, and triangulated evidence of service strain or outbreak escalation.",1,1,
IND016,MET016,MET016,Health outcomes,Vulnerability,Health outcomes,Health status,Common childhood illnesses,Two-week prevalence of childhood illness,Predictor,2,num[0:1],% of children under-5 years with any acute respiratory infection in the two weeks prior to data collection,MSNA,Nutrition - core individual,"% of children under-5 years of age sick in the last two weeks as reported by primary caregiver, by symptom",nut_under5_sick_symptoms,Not confirmed but can obtain symptomology,0.3,0.4,Above,"ANA analytical threshold, to be interpreted against seasonality, baseline incidence, surveillance quality, and triangulated evidence of service strain or outbreak escalation.",1,1,
IND017,MET017,MET017,Health outcomes,Vulnerability,Health outcomes,Health status,Common childhood illnesses,Two-week prevalence of childhood illness,Predictor,2,num[0:1],% of children under-5 years with any acute watery diarrhoea in the two weeks prior to data collection,MSNA,Nutrition - core individual,"% of children under-5 years of age sick in the last two weeks as reported by primary caregiver, by symptom",nut_under5_sick_symptoms,Not confirmed but can obtain symptomology,0.2,0.3,Above,"ANA analytical threshold, to be interpreted against seasonality, baseline incidence, surveillance quality, and triangulated evidence of service strain or outbreak escalation.",1,1,
IND067,MET070,MET067,Contr. fact. individual and HH,Exposure,Food system,HH food security,Availability,Qualitative reports on main food groups consumed,Supporting evidence,3,int[0:1],"Qualitative reports on 1-2 food groups remaining (staple cereals, pulses or else) in the area, possibly only through in-kind assistance, hot meals distribution or wild foods gathering",,,,,,1,,Above,,3,2,
IND046,MET049,MET046,Contr. fact. individual and HH,Exposure,Food system,HH food security,Availability,Decrease in HH food stocks,Supporting evidence,1,num[0:1],% HHs with significant decrease in average # of months of food stocks,,,,,,0.2,0.4,Above,,2,3,
IND047,MET050,MET047,Contr. fact. individual and HH,Exposure,Food system,HH food security,Availability,Availability of monitored staple cereals in the market,Supporting evidence,1,int[0+],# of monitored staple cereals for which limited availability or no availability is reported,,,,,,1,2,Above,,2,3,
IND050,MET053,MET050,Contr. fact. individual and HH,Exposure,Food system,HH food security,Availability,Food unavailbility,Supporting evidence,2,num[0:1],% of localities where very insufficient or no food available % of localities where not enough food is available on markets,,,,,,0.2,0.4,Above,,2,3,
IND051,MET054,MET051,Contr. fact. individual and HH,Exposure,Food system,HH food security,Availability,Access to farmland or pastures,Supporting evidence,2,num[0:1],% of localities or share of pop in a locality where access to farmlandand/or pasture is not possible or extremely limited,,,,,,0.2,0.4,Above,,2,3,
IND070,MET073,MET070,Contr. fact. individual and HH,Exposure,Food system,HH food security,Availability,Qualitative reports on inavailability of food,Supporting evidence,3,int[0:1],"Qualitative reports that key food sources are depleted or extremely low (local crops destroyed, flooded, uncultivated OR markets without food), and/or alterative food sources are mainly providing irregular amounts of food to the area (wild foods, aid, etc.)",,,,,,1,,Above,,3,2,
IND071,MET074,MET071,Contr. fact. individual and HH,Exposure,Food system,HH food security,Availability,Qualitative reports on depleted food stocks,Supporting evidence,3,int[0:1],"Qualitative reports on food stocks (local or imported crops, warehouses stocks, etc.) at area level being depleted or (rural areas) that households' stocks are depleted (most often local crops).",,,,,,1,,Above,,3,2,
,MET082,MOVED,Community or system level contributing factors,Exposure,Food system,Livelihoods,Availability,Decrease in local food production,Supporting evidence,1,num[0:1],% HHs with [significant] decrease in livestock production,MSNA,Household Livelihoods activities (livestock production),How many {fsl_livestock_type} did you have at the same time last year? How many {fsl_livestock_type} do you have now?,fsl_{livestock_type}_n_ly fsl_{livestock_type}_n_now,,0.2,0.4,Above,,2,3,
,MET083,MOVED,Community or system level contributing factors,Exposure,Food system,Livelihoods,Availability,Decrease in local food production,Supporting evidence,1,num[0:1],% HHs planting less than previous season,MSNA,Household Livelihoods activities (crop production),% of households planting less than $reference year$,Availability+[@[Question KOBO Code]],,0.2,0.4,Above,,2,3,
,MET084,MOVED,Community or system level contributing factors,Exposure,Food system,Livelihoods,Availability,Decrease in local food production,Supporting evidence,1,num[0:1],% HHs with low harvest expectation,MSNA,Household Livelihoods activities (crop production),% of households by harvest expectation,fsl_crop_harv_change,,0.2,0.4,Above,,2,3,
,MET085,MOVED,Community or system level contributing factors,Exposure,Food system,Livelihoods,Availability,Damaged cropland,Supporting evidence,3,num[0:1],Agricultural Stress Index (ASI),,,,,,,,Above,,3,2,
,MET086,MOVED,Community or system level contributing factors,Exposure,Food system,Livelihoods,Availability,Change in cultivated landsize,Supporting evidence,3,num[0:1],Decrease in (ha) cultivated compared to previous same season,,,,,,,,Above,,3,2,
,MET087,MOVED,Community or system level contributing factors,Exposure,Food system,Livelihoods,Availability,Decrease in local livestock production,Supporting evidence,2,num[0:1],% of localities where there has been a decrease in livestock (more than half at least),,,,,,0.2,0.4,Above,,2,3,
,MET088,MOVED,Community or system level contributing factors,Exposure,Food system,Livelihoods,Availability,Decrease in local crop production,Supporting evidence,2,num[0:1],% of localities where crop production quantity from the last harvest was much less or zero compared to previous harvest,,,,,,0.2,0.4,Above,,2,3,
IND089,MET102,MET089,Contr. fact. individual and HH,Exposure,Water system,HH Water security,Availability,HWISE-4,AN signal,1,num[0:1],% HHs with HWISE-4,MSNA,Drinking water - HWISE-12 Drinking water - HWISE-12 / Urban,,wash_drinking_water_days_unavailable,,0.5,0.8,Above,"Based on HWISE scale; no globally agreed severity cut-offs exist. ANA threshold reflects widespread household water insecurity (>50%). 
https://www.rural-water-supply.net/en/resources/991-",1,1,
IND090,MET103,MET090,Contr. fact. individual and HH,Exposure,Water system,HH Water security,Availability,Water availability at main water source,AN signal,1,num[0:7],Average number of days per week of water availability at main water source,MSNA,Drinking water - availability,% of households by number of days water was unavailable from main source in the past month (XW8),wash_drinking_water_days_unavailable,,4,3,Below,"Sphere minimum standard reflects reliable daily access to water. ANA threshold here to indicate acutely severe availability gap. 
https://spherestandards.org/wp-content/uploads/Sphere-Handbook-2018-EN.pdf",1,1,
IND091,MET104,MET091,Contr. fact. individual and HH,Exposure,Water system,HH Water security,Availability,Water availability at main water source,AN signal,1,num[0:1],% of households with 4 days or less per week of water availability at main water source,MSNA,Drinking water - availability,% of households by number of days water was unavailable from main source in the past month (XW8),wash_drinking_water_days_unavailable,Question asks about the past month but can perhaps proxy from this,0.4,0.6,Above,"Sphere minimum standard reflects reliable daily access to water. ANA threshold here to indicate significant proportion of the population affected by service gap. 
https://spherestandards.org/wp-content/uploads/Sphere-Handbook-2018-EN.pdf",1,1,
IND092,MET105,MET092,Contr. fact. individual and HH,Exposure,Water system,HH Water security,Availability,Household water coping,AN signal,2,num[0:1],"% of HHs reporting they use less preferred, unimproved or unsafe water sources to cope with lack of drinking water",MSNA,Water access - coping,"% of households engaging in coping mechanisms due water insufficiency, by type of coping mechanism",wash_water_adaptation,,0.3,0.45,Above,"ANA threshold, reflecting significant proportion of population using severe coping mechanism. ",1,1,
IND093,MET106,MET093,Contr. fact. individual and HH,Exposure,Water system,HH Water security,Availability,Household water coping,AN signal,2,num[0:1],% of HHs reporting reducing water usage for hygiene to cope with lack of water,MSNA,Water access - coping,"% of households engaging in coping mechanisms due water insufficiency, by type of coping mechanism",wash_water_adaptation,,0.5,0.75,Above,"ANA threshold, reflecting majority of population using severe coping mechanism. ",1,1,
IND094,MET107,MET094,Contr. fact. individual and HH,Exposure,Water system,HH Water security,Availability,Household water coping,AN signal,2,num[0:1],% of HHs reporting [other severe context specific coping] to cope with lack of water,MSNA,Water access - coping,"% of households engaging in coping mechanisms due water insufficiency, by type of coping mechanism",wash_water_adaptation,,0.5,0.75,Above,"ANA threshold, reflecting majority of population using severe coping mechanism. ",1,1,
IND107,MET108,MET095,Contr. fact. individual and HH,Exposure,Water system,HH Water security,Availability,Qual reports of stressed availability of water at HH level,Supporting evidence,3,int[0:1],"Indications that MOST of the popluation may be experiencing household level stress on availability of water at the household level (inadequate storage for water preventing adequate water consumption, water service interruptions, etc.)",,,,,,1,,Above,,3,2,
IND139,MET127,MET113,Community or system level contributing factors,Coping,Water system,Water systems (infrastructure),Availability,Sufficient number of functional water points,Supporting evidence,1,num[0+],# of people per tap stand,,,,,,500,1000,Above,,1,1,
IND140,MET128,MET114,Community or system level contributing factors,Coping,Water system,Water systems (infrastructure),Availability,Sufficient number of functional water points,Supporting evidence,1,num[0+],# of people per water pump,,,,,,1000,2000,Above,,1,1,
IND141,MET129,MET115,Community or system level contributing factors,Coping,Water system,Water systems (infrastructure),Availability,Sufficient number of functional water points,Supporting evidence,1,num[0:24],Average # of hours spent queing for water collection per trip,,,,,,1,2,Above,,1,1,
IND142,MET130,MET116,Community or system level contributing factors,Coping,Water system,Water systems (infrastructure),Availability,Availability of clean drinking and cooking water in the community,AN signal,2,num[0:1],% of assessed settlements reporting there is a very serious or extremely serious problem AND that most people or everyone has limited access to drinking/cooking water,,,,,,0.3,0.5,Above,,1,1,
IND162,MET167,MET148,Community or system level contributing factors,Coping,Health/Nutrition services,Health services,Availability,Health facilities per population,AN signal,1,num[0+],Number of people per primary health facility catchment area,,,,,"Right to health imposes four essential standards on healthcare services: Availabiltiy, Accessibility, Acceptability, and Quality (AAAQ), from WHO. Indicators used here reflect this framework. https://www.who.int/news-room/questions-and-answers/item/q-a-on-the-health-workforce-crisis#:~:text=What%20do%20we%20mean%20by,outcomes%20will%20not%20be%20satisfactory.",15000,20000,Above,"WHO and national planning norms often benchmark primary care facility catchment as 10,000 - 20,000 per PHC. UNHCR Emergency Handbook describes 10,000 people per basic health unit in the emergency phase. 
https://www.who.int/publications/i/item/9789240044210 
https://emergency.unhcr.org/emergency-assistance/health-and-nutrition/primary-health-care/primary-health-care-coverage-standard",1,1,
IND163,MET168,MET149,Community or system level contributing factors,Coping,Health/Nutrition services,Health services,Availability,Health facilities per population,AN signal,1,num[0+],Number of people per secondary health facility (hospitals),,,,,,250000,375000,Above,,1,1,
IND164,MET169,MET150,Community or system level contributing factors,Coping,Health/Nutrition services,Health services,Availability,Health facilities per population,AN signal,1,num[0+],"Number of inpatient beds per 10,000 people",,,,,,10,5,Below,"Sphere handbook specifies a minimum of 18 beds / 10,0000 persons (excluding maternity beds) to ensure adequate coverage during emergencies. ANA threshold indicates severe gap. 
http://www.humanitarianstandardspartnership.org/ViewContent?DocID=1000011&VersionID=2000017&ChapterNumber=8&OrderInChapter=6&Lang=en",1,1,
IND165,MET170,MET151,Community or system level contributing factors,Coping,Health/Nutrition services,Health services,Availability,Functioning health facilities,AN signal,2,num[0:1],% of functional primary health care (PHC) facilities,,,,,,0.5,0.25,Below,"No gblobal thresholds exist, ""functionality* states can be based on WHO HeRAMS or other health facility monitoring. ANA threshold reflects functionality levels consistent with major health system disruption.",1,1,
IND166,MET171,MET152,Community or system level contributing factors,Coping,Health/Nutrition services,Health services,Availability,Functioning health facilities,AN signal,2,num[0:1],% of functional secondary health care (SHC) facilities,,,,,,0.4,0.2,Below,"No gblobal thresholds exist, ""functionality* states can be based on WHO HeRAMS or other health facility monitoring. ANA threshold reflects functionality levels consistent with major health system disruption.",1,1,
IND168,MET173,MET154,Community or system level contributing factors,Coping,Health/Nutrition services,Health services,Availability,Essential drug stocks,AN signal,1,num[0+],Average number of days essential medicines are not available out of the past 30 days,,,,,,5,10,Above,,1,1,
IND169,MET174,MET155,Community or system level contributing factors,Coping,Health/Nutrition services,Health services,Availability,Essential drug stocks,AN signal,1,num[0:1],% of health facilities with essential medicines in stock,,,,,,0.4,0.2,Below,,1,1,
IND170,MET175,MET156,Community or system level contributing factors,Coping,Health/Nutrition services,Health services,Availability,Supplies as functional constraint,Supporting evidence,2,num[0:1],% of facilities reporting lack of supplies as a main functionality constraint,,,,,,0.4,,Above,,1,1,
IND171,MET176,MET157,Community or system level contributing factors,Coping,Health/Nutrition services,Health services,Availability,Staffing at facilities,AN signal,1,num[0+],Number of skilled birth attendants per 10000 people,,,,,,5,2,Below,"Based on WHO and UNICEF frameworks for skilled birth attendance and maternal health workforce capacity. No global density thresholds exist; ANA thresholds reflect severe constraints in availability of skilled maternal health personnel.
 https://data.unicef.org/indicator-profiles/MNCH_SAB/",1,1,
IND172,MET177,MET158,Community or system level contributing factors,Coping,Health/Nutrition services,Health services,Availability,Staffing at facilities,AN signal,1,num[0+],Number of health workers per 10000 people,,,,,,20,10,Below,"Based on WHO health workforce density benchmarks (44.5 per 10,000 for universal health coverage). ANA threshold reflects severe shortages relative to global standards.
https://www.who.int/data/gho/indicator-metadata-registry/imr-details/health-workers-density-(per-10-000-population)--by-occupation#:~:text=The%20SDG%20agenda%20gives%20recognition,Resolution%20(WHA69.",1,1,
IND173,MET178,MET159,Community or system level contributing factors,Coping,Health/Nutrition services,Health services,Availability,Staffing functional constraints,Supporting evidence,2,num[0:1],% of facilities reporting lack of staffing as a main functionality constraint,,,,,,0.4,,Above,,1,1,
IND132,MET214,MET192,Community or system level contributing factors,Coping,Market functionality,Market functionality,Availability,Restrictions on movement to markets,Supporting evidence,2,int[0:1],"Shocks, conflict or else restrict mouvement of people to markets",,,,,,1,,Above,,1,1,
IND133,MET215,MET193,Community or system level contributing factors,Coping,Market functionality,Market functionality,Availability,Level of availability of monitored items during the data collection window (by category of item),Supporting evidence,1,num[0:1],% of monitored items for which no availability is reported,,,,,,0.2,0.4,Above,,1,1,
IND134,MET216,MET194,Community or system level contributing factors,Coping,Market functionality,Market functionality,Availability,Level of availability of monitored items during the data collection window (by category of item),Supporting evidence,1,num[0:1],% of monitored items for which limited OR no availability is reported,,,,,,0.4,,Above,,1,1,
IND003,MET003,MET003,Health outcomes,Vulnerability,Health outcomes,Nutrition status,Acute Malnutrition,Incidence of acute malnutrition,Predictor,1,num[0:1],% of children 6-59 months GAM by WHZ,,,,,"If data covers all chidlren 0-59 months, value would slightly over-estimate acute malnutrition, as children 0-6 months are usually be breastfed and are likely to be flagged as acuteley malnourished by WHO standards. Extra caution is advised. ",0.15,0.3,Above,"Recommended threshold according to IPC Acute Malnutrition (2018). GAM 15-29.9% refers to IPC AMN Critical phase (4). ",1,1,
IND004,MET004,MET004,Health outcomes,Vulnerability,Health outcomes,Nutrition status,Acute Malnutrition,Incidence of acute malnutrition,Predictor,1,num[0:1],% of children 6-59 months GAM by MUAC,,,,muac_cm,"Prevalence of GAM by MUAC should be referred to as “proxy” GAM, as it is not a true representative indicator of malnutrition in the population. This is because MUAC measurements are more sensitive younger children (under 2 years of age) and will likely not detect older children that are malnourished by the WHZ criteria.",0.1,0.15,Above,"IPC Guidance suggests usign MUAC only when WHZ is not available. 10-15% GAM by MUAC corresponds roughly to IPC AMN Phase 3 and 4. Acute Needs threshold is therefore slightly conservative. ",1,1,
IND005,MET005,MET005,Health outcomes,Vulnerability,Health outcomes,Nutrition status,Acute Malnutrition,Incidence of acute malnutrition,Predictor,1,num[0:1],% of children 6-59 months combined GAM,,,,,,0.15,0.3,Above,,1,1,
IND006,MET006,MET006,Health outcomes,Vulnerability,Health outcomes,Nutrition status,Acute Malnutrition,Change in acute malnutrition cases,Predictor,2,num,% change of monthly new SAM admissions at Stabilization Center or OTP programs,,,,,,0.3,0.45,Above,,1,1,
IND007,MET007,MET007,Health outcomes,Vulnerability,Health outcomes,Nutrition status,Acute Malnutrition,Change in acute malnutrition cases,Predictor,2,num,% change of monthly defaulters to SC or OTP programs,,,,,,0.45,0.7,Above,,1,1,
IND008,MET008,MET008,Health outcomes,Vulnerability,Health outcomes,Nutrition status,Acute Malnutrition,Change in acute malnutrition cases,Predictor,2,num,% change of monthly deaths reported in Stabilization Centers or OTP,,,,,,0.3,0.5,Above,,1,1,
IND009,MET009,MET009,Health outcomes,Vulnerability,Health outcomes,Nutrition status,Acute Malnutrition,Trends of acute malnutriton in the last 3 months,Supporting evidence,3,int[0:1],Qualitative reports of doubled incidence of acute malnutrition in locality/cathcment area in last 3m.,,,,,,1,,Above,,1,1,
IND010,MET010,MET010,Health outcomes,Vulnerability,Health outcomes,Nutrition status,Acute Malnutrition,Stock-outs of RUTF/ RUSF nutrition supplements/products in the last 3 months,Supporting evidence,3,num[0:1],Qualitative reports of stock-outs of RUTF/ RUSF nutrition supplements/products in the last 3 months (% stock-out),,,,,,0.5,0.7,Above,,1,1,
IND011,MET011,MET011,Health outcomes,Vulnerability,Health outcomes,Nutrition status,Acute Malnutrition,"Number of community outreach activities, refferals and community screening of malnutrition by community health workers in catchment area in last 1 month.",Supporting evidence,3,int[0:1],"Qualitative reports of number of community outreach, referrals and community screenings of malnutrition in last 1 month",,,,,,1,,Below,,1,1,
IND053,MET056,MET053,Contr. fact. individual and HH,Exposure,Food system,HH food security,Accessibility,Main food sources,AN signal,1,num[0:1],% HHs mainly relying on atypical food sources,MSNA,Household Food Access,% of households by main sources of food in the 30 days prior to data collection,fsl_source_food,"Atypical should be defined per context. Default options include: Borrowed
Gift from family and/or friends
Begging 
",0.2,0.4,Above,"Based on IPC and WFP coping strategy frameworks. “Atypical” food sources are context-specific and include socially or economically unsustainable sources (e.g. borrowing, begging). Threshold reflects widespread reliance on crisis coping.",2,3,
IND054,MET057,MET054,Contr. fact. individual and HH,Exposure,Food system,HH food security,Accessibility,Livelihoods-based coping,"Supporting evidence ",1,num[0:1],% of HHs reporting emergency level livelihoods based coping strategies,MSNA,Livelihood Coping - EN,Livelihood Coping Strategy - Essential Needs (LCS-EN),fsl_lcsi_en_emergency1 fsl_lcsi_en_emergency2 fsl_lcsi_en_emergency3,,0.2,0.4,Above,,2,3,
IND055,MET058,MET055,Contr. fact. individual and HH,Exposure,Food system,HH food security,Accessibility,Food prices [key commodities],Supporting evidence,1,num,% change in local food prices against previous year and five-year average (incl. seasonality),,,,,,100,200,Above,,2,3,
IND057,MET060,MET057,Contr. fact. individual and HH,Exposure,Food system,HH food security,Accessibility,HH purchasing power,Supporting evidence,2,num,"% change in ToTs for staple foods against previous year and five-year average, incl. seasonality",,,,,,100,,Above,,2,3,
IND058,MET061,MET058,Contr. fact. individual and HH,Exposure,Food system,HH food security,Accessibility,HH purchasing power,Supporting evidence,2,num[0:1],HEA outcome - survival deficit (households cannot meet 50% of their minimum food and non-food survival needs without irreversible coping).),,,,,Survival deficit = inability to meet minimum food + non-food needs without irreversible coping,,,Above,Based on Household Economy Approach (HEA). Survival deficit indicates households cannot meet minimum food and non-food needs without irreversible coping.,2,3,
IND059,MET062,MET059,Contr. fact. individual and HH,Exposure,Food system,HH food security,Accessibility,Main source of income,Supporting evidence,2,num[0:1],"% of HHs relying on atypical or""unstable"" sources of income (exchange for labor, gifts, begging, etc.)",MSNA,Income - Extended Income - Reduced,"Household income over the 30 days prior to data collection, by amount and % from each source Most common sources of household income over the 30 days prior to data collection",cm_income_source cm_income_total,,0.4,0.6,Above,,2,3,
IND061,MET064,MET061,Contr. fact. individual and HH,Exposure,Food system,HH food security,Accessibility,Food prices,Supporting evidence,2,num[0:1],% of localities with a big increase in food prices in the last 30 days,,,,,,0.4,0.6,Above,,2,3,
IND072,MET075,MET072,Contr. fact. individual and HH,Exposure,Food system,HH food security,Accessibility,Food access limitations (AoK),Supporting evidence,3,num[0:1],% of localities where at least half of the pop has very limited access to food,,,,,,0.2,0.4,Above,,3,2,
IND073,MET076,MET073,Contr. fact. individual and HH,Exposure,Food system,HH food security,Accessibility,Coping strategies for food (AoK),Supporting evidence,3,num[0:1],% of localities where at least half of the pop do very unusual and desperate things just to obtain a small amount of food,,,,,,0.2,0.4,Above,,3,2,
IND075,MET078,MET075,Contr. fact. individual and HH,Exposure,Food system,HH food security,Accessibility,Household food expenditures,Supporting evidence,3,num[0:1],% HH for whom food is 75% of expenditures,MSNA,Expenditure,"Household expenditures in the 30 days prior to data collection, by amount and % per type",cm_expenditure_frequent,,0.2,0.4,Above,,3,2,
IND144,MET132,MET118,Community or system level contributing factors,Coping,Water system,Water systems (infrastructure),Accessibility,Financial access to water,Supporting evidence,1,num,% change in drinking water price in the last month (or previous baseline),,,,,,100,200,Above,,1,1,
IND145,MET133,MET119,Community or system level contributing factors,Coping,Water system,Water systems (infrastructure),Accessibility,Social access to water,Supporting evidence,1,int[0:1],Qualitative reports of exclusion of certain groups from programme staff,,,,,,1,,Above,,1,1,
IND146,MET134,MET120,Community or system level contributing factors,Coping,Water system,Water systems (infrastructure),Accessibility,Physical access to water,Supporting evidence,2,num[0:1],"% of assessed settlements reporting most people need more than 30min to get to the main water source, collect water, and return",,,,,,0.3,0.5,Above,,1,1,
IND147,MET135,MET121,Community or system level contributing factors,Coping,Water system,Water systems (infrastructure),Accessibility,Financial access to water,Supporting evidence,2,num[0:1],% of assessed settlements reporting large water price increases in the last 30 days,,,,,,0.3,0.5,Above,,1,1,
IND148,MET136,MET122,Community or system level contributing factors,Coping,Water system,Water systems (infrastructure),Accessibility,Social access to water,Supporting evidence,2,num[0:1],% of assessed settlements reporting social barriers to accessing drinking and cooking water,,,,,,0.5,,Above,,1,1,
IND152,MET156,MET138,Community or system level contributing factors,Coping,Living conditions,Sanitation & Hygiene,Accessibility,Social access to latrines,Supporting evidence,3,int[0:1],Qualitative reports of exclusion of certain groups,,,,,,1,,Above,,1,1,
IND154,MET158,MET140,Community or system level contributing factors,Coping,Living conditions,Sanitation & Hygiene,Accessibility,Physical access,Supporting evidence,2,num[0:1],"% of assessed settlements reporting there is a very serious or extremely serious problem with safe latrine access, reporting physical access as a main reason people are not using latrines",,,,,,0.2,0.3,Above,,1,1,
IND155,MET159,MET141,Community or system level contributing factors,Coping,Living conditions,Sanitation & Hygiene,Accessibility,Social access,Supporting evidence,2,num[0:1],"% of assessed settlements reporting there is a very serious or extremely serious problem with safe latrine access, reporting social access as a main reason people are not using latrines",,,,,,0.2,0.3,Above,,1,1,
IND174,MET180,MET160,Community or system level contributing factors,Coping,Health/Nutrition services,Health services,Accessibility,Physical access to health care,Supporting evidence,1,num[0:1],% HH reporting access to a health facility in less than one hour,MSNA,Time to health facility - Core,Average walking time to travel to nearest functioning health facility,health_facility_time,,0.4,,Below,,1,1,
IND175,MET182,MET161,Community or system level contributing factors,Coping,Health/Nutrition services,Health services,Accessibility,Physical access to health care,AN signal,2,num[0:1],"% of assessed settlements reporting there is a very serious or extremely serious problem with people accessing healthcare or treatment, reporting PHYSICAL access barriers as a main reason why some people cannot access adequate health care",,,,,,0.2,0.3,Above,,1,1,
IND176,MET183,MET162,Community or system level contributing factors,Coping,Health/Nutrition services,Health services,Accessibility,Financial access to health care,Supporting evidence,1,num[0:1],% of HHs with catastrophic health care spending (>25% of income),MSNA,Expenditure,"Household expenditures in the 30 days prior to data collection, by amount and % per type",cm_expenditure_frequent cm_expenditure_infrequent,Probably more of an infrequent expenditure situation?,0.25,,Above,,1,1,
IND177,MET184,MET163,Community or system level contributing factors,Coping,Health/Nutrition services,Health services,Accessibility,Financial access to health care,AN signal,2,num[0:1],"% of assessed settlements reporting there is a very serious or extremely serious problem with people accessing healthcare or treatment, reporting FINANCIAL access barriers as a main reason why some people cannot access adequate health care",,,,,,0.2,0.3,Above,,1,1,
IND178,MET185,MET164,Community or system level contributing factors,Coping,Health/Nutrition services,Health services,Accessibility,Social access to health care,Supporting evidence,1,int[0:1],Qualitative reports of exclusion of certain groups from health care,,,,,,1,,Above,,1,1,
IND179,MET186,MET165,Community or system level contributing factors,Coping,Health/Nutrition services,Health services,Accessibility,Social access to health care,AN signal,2,num[0:1],"% of assessed settlements reporting there is a very serious or extremely serious problem with people accessing healthcare or treatment, reporting SOCIAL access barriers as a main reason why some people cannot access adequate health care",,,,,,0.2,0.3,Above,,1,1,
IND125,MET207,MET185,Community or system level contributing factors,Coping,Market functionality,Market functionality,Accessibility,Physical barriers to access markets,Supporting evidence,1,num[0:1],% of interviewed vendors reporting that some customers have faced physical barriers to accessing marketplaces over the last X days/months,,,,,,0.25,0.5,Above,,2,1,
IND126,MET208,MET186,Community or system level contributing factors,Coping,Market functionality,Market functionality,Accessibility,Financial barriers to access markets,Supporting evidence,1,num[0:1],"% of households facing any financial barrier to accessing marketplaces, by barrier",,,,,,0.5,0.75,Above,,2,1,
IND127,MET209,MET187,Community or system level contributing factors,Coping,Market functionality,Market functionality,Accessibility,Affordability,Supporting evidence,1,num[0:1],% of interviewed vendors reporting that some customers have faced financial barriers toaccessing marketplaces over the last X days/months,,,,,,0.5,0.75,Above,,2,1,
IND128,MET210,MET188,Community or system level contributing factors,Coping,Market functionality,Market functionality,Accessibility,Access barriers to markets,Supporting evidence,2,num[0:1],% of assessed settlements where the MAJORITY of people cannot reach a functioning marketplace or store to buy and sell goods if they need to,,,,,,0.5,0.75,Above,,2,1,
IND129,MET211,MET189,Community or system level contributing factors,Coping,Market functionality,Market functionality,Accessibility,NFI prices increase,Supporting evidence,2,num[0:1],% of localities with a big increase in non-food items prices in the last 30 days,,,,,,0.25,0.5,Above,,2,1,
IND130,MET212,MET190,Community or system level contributing factors,Coping,Market functionality,Market functionality,Accessibility,Access barriers to markets,Supporting evidence,2,num[0:1],% of localities where residents face any physical or social barriers to accessing nearby marketplaces,,,,,,0.5,0.75,Above,,2,1,
IND131,MET213,MET191,Community or system level contributing factors,Coping,Market functionality,Market functionality,Accessibility,Access barriers to non-food items,Supporting evidence,2,num[0:1],% of localities where residents face any barriers to accessing and/or affording non-food items,,,,,,0.5,0.75,Above,,2,1,
IND196,MET204,MET182,Community or system level contributing factors,Coping,Health/Nutrition services,Nutrition services,Access to nutrition,Access barriers accessing nutrition services in locality/catchment areas.,Supporting evidence,3,num[0:1],% people in the neighbourhood/locality currently facing any barriers in accessing nutrition services due to distance,,,,,,0.5,0.7,Above,,3,2,
IND197,MET205,MET183,Community or system level contributing factors,Coping,Health/Nutrition services,Nutrition services,Access to nutrition,Availability barriers accessing nutrition services in locality/ catchment areas,Supporting evidence,3,num[0:1],% people in the neighbourhood/locality currently facing any barriers in due to unavailability of nutrition facilities,,,,,,0.5,0.7,Above,,3,2,
IND198,MET206,MET184,Community or system level contributing factors,Coping,Health/Nutrition services,Nutrition services,Access to nutrition,Coverage of nutrition services for targeted population/ catchment areas,Supporting evidence,3,num[0:1],% target population in the catchment area covered by the nutrition facility,,,,,,0.5,0.3,Below,,3,2,
IND095,MET109,MET096,Contr. fact. individual and HH,Exposure,Water system,HH Water security,Access,Phsyical household access to water,"Supporting evidence ",1,num[0:1],% of HHs with travel and queue time to water source more than 30 minutes,MSNA,Drinking water,"% of households by time (minutes) taken to fetch water (round trip by walking, queuing and time needed to fetch water) (W3/W4)",wash_drinking_water_time_yn wash_drinking_water_time_int wash_drinking_water_time_sl,,0.4,0.6,Above,Sphere minimum standard = ≤30 minutes round trip. ANA threshold suggests significant share of population unable to make this roundtrip within that timeframe. https://spherestandards.org/wp-content/uploads/Sphere-Handbook-2018-EN.pdf,1,1,
IND096,MET110,MET097,Contr. fact. individual and HH,Exposure,Water system,HH Water security,Access,Financial household access to water,Supporting evidence,1,num[0:1],% of HHs spending more than 5% of income on water,MSNA,Expenditure,"Household expenditures in the 30 days prior to data collection, by amount and % per type",cm_income_total cm_expenditure_frequent,,0.4,0.6,Above,"No global threshold exists. 3-5% is often used as affordability threshold. The UN Resolution on Human Rights in Drinking Water and Sewerage (24 March 2011) sets the threshold at 5%, elsewhere 3% is reported (e.g., https://www.un.org/en/global-issues/water#:~:text=One%20of%20the%20most%20important,should%20not%20exceed%2030%20minutes.) ",1,1,
IND097,MET111,MET098,Contr. fact. individual and HH,Exposure,Water system,HH Water security,Access,Household barriers to sufficient water,Supporting evidence,2,num[0:1],% of HHs reporting physical barriers to accessing water points,MSNA,Drinking water - accessibility,"% of households having had problems related to access to water, by type of problem",wash_water_access_issue,,0.5,,Above,,1,1,
IND098,MET112,MET099,Contr. fact. individual and HH,Exposure,Water system,HH Water security,Access,Household barriers to sufficient water,Supporting evidence,2,num[0:1],% of HHs reporting financial access barriers to accessing water points,MSNA,Drinking water - accessibility,"% of households having had problems related to access to water, by type of problem",wash_water_access_issue,,0.5,,Above,,1,1,
IND108,MET113,MET100,Contr. fact. individual and HH,Exposure,Water system,HH Water security,Access,Qual reports of extreme water coping strategies,Supporting evidence,3,int[0:1],"Indications that MOST of the population may be resorting to extreme coping behaviours to meet their daily water needs (spending significant daily time to fetch water each day, using unsafe or contaminated water sources, displacement due to lack of water, etc.)",,,,,,1,,Above,,3,2,
IND109,MET114,MET101,Contr. fact. individual and HH,Exposure,Water system,HH Water security,Access,Qual reports of limited physical access to water,Supporting evidence,3,int[0:1],"Indications that MOST of the popluation may be facing serious physical access constraints to accessing their main drinking water sources (insecurity or lack of safety on the way to or at the water point, flooding or other natural hazard cutting off access, etc.)",,,,,,1,,Above,,3,2,
IND110,MET115,MET102,Contr. fact. individual and HH,Exposure,Water system,HH Water security,Access,Qual reports of limited financial access to water,Supporting evidence,3,int[0:1],"Indications that some of the popluation may be facing serious financial access constraints to accessing their main drinking water sources (extreme price increases double or triple the normal price, selling of assets to afford water, etc.)",,,,,,1,,Above,,3,2,
,,,,,,,,,,,,,,,,,,,,,,,,